{"(0, 'mid', 1)": {"best_loss": 0.01611328125, "ids_suffix_best": [[117269]]}, "(1, 'mid', 1)": {"best_loss": -0.0869140625, "ids_suffix_best": [[58003]]}, "(4, 'mid', 1)": {"best_loss": 0.010986328125, "ids_suffix_best": [[43376]]}, "(5, 'mid', 1)": {"best_loss": 0.02880859375, "ids_suffix_best": [[69626]]}, "(7, 'mid', 1)": {"best_loss": 0.009521484375, "ids_suffix_best": [[90534]]}, "(8, 'mid', 1)": {"best_loss": -0.060546875, "ids_suffix_best": [[77785]]}, "(9, 'mid', 1)": {"best_loss": -0.0185546875, "ids_suffix_best": [[114198]]}, "(10, 'mid', 1)": {"best_loss": 0.03125, "ids_suffix_best": [[46287]]}, "(11, 'mid', 1)": {"best_loss": -0.03173828125, "ids_suffix_best": [[69379]]}, "(12, 'mid', 1)": {"best_loss": -0.0732421875, "ids_suffix_best": [[71819]]}, "(0, 'mid', 2)": {"best_loss": -0.005859375, "ids_suffix_best": [[47205, 117553]]}, "(1, 'mid', 2)": {"best_loss": -0.1396484375, "ids_suffix_best": [[34550, 27521]]}, "(4, 'mid', 2)": {"best_loss": -0.009765625, "ids_suffix_best": [[43376, 115732]]}, "(5, 'mid', 2)": {"best_loss": -0.02099609375, "ids_suffix_best": [[13282, 105878]]}, "(7, 'mid', 2)": {"best_loss": 0.010986328125, "ids_suffix_best": [[36741, 44430]]}, "(8, 'mid', 2)": {"best_loss": -0.1044921875, "ids_suffix_best": [[107378, 77785]]}, "(9, 'mid', 2)": {"best_loss": -0.038330078125, "ids_suffix_best": [[114812, 108714]]}, "(10, 'mid', 2)": {"best_loss": -0.0576171875, "ids_suffix_best": [[34898, 76217]]}, "(11, 'mid', 2)": {"best_loss": -0.055908203125, "ids_suffix_best": [[88144, 102344]]}, "(12, 'mid', 2)": {"best_loss": -0.10205078125, "ids_suffix_best": [[88594, 141835]]}, "(0, 'mid', 3)": {"best_loss": -0.04052734375, "ids_suffix_best": [[51984, 84070, 114984]]}, "(1, 'mid', 3)": {"best_loss": -0.170166015625, "ids_suffix_best": [[27521, 44531, 81682]]}, "(4, 'mid', 3)": {"best_loss": -0.01806640625, "ids_suffix_best": [[47790, 41752, 43376]]}, "(5, 'mid', 3)": {"best_loss": -0.049560546875, "ids_suffix_best": [[21728, 92656, 105350]]}, "(7, 'mid', 3)": {"best_loss": -0.003173828125, "ids_suffix_best": [[44430, 83679, 58349]]}, "(8, 'mid', 3)": {"best_loss": -0.142822265625, "ids_suffix_best": [[16003, 72771, 32372]]}, "(9, 'mid', 3)": {"best_loss": -0.051513671875, "ids_suffix_best": [[9815, 102037, 30979]]}, "(10, 'mid', 3)": {"best_loss": -0.111328125, "ids_suffix_best": [[12691, 34898, 24628]]}, "(11, 'mid', 3)": {"best_loss": -0.05908203125, "ids_suffix_best": [[71887, 40399, 112026]]}, "(12, 'mid', 3)": {"best_loss": -0.1357421875, "ids_suffix_best": [[27909, 141835, 22105]]}, "(0, 'mid', 4)": {"best_loss": -0.0517578125, "ids_suffix_best": [[8316, 53459, 23754, 116995]]}, "(1, 'mid', 4)": {"best_loss": -0.18505859375, "ids_suffix_best": [[27521, 28361, 108707, 118005]]}, "(4, 'mid', 4)": {"best_loss": -0.02685546875, "ids_suffix_best": [[96482, 101675, 400, 137620]]}, "(5, 'mid', 4)": {"best_loss": -0.070068359375, "ids_suffix_best": [[23766, 77740, 115649, 7728]]}, "(7, 'mid', 4)": {"best_loss": -0.00830078125, "ids_suffix_best": [[25581, 90534, 45403, 2471]]}, "(8, 'mid', 4)": {"best_loss": -0.15625, "ids_suffix_best": [[16003, 72771, 114849, 2204]]}, "(9, 'mid', 4)": {"best_loss": -0.06640625, "ids_suffix_best": [[30979, 99615, 102037, 6088]]}, "(10, 'mid', 4)": {"best_loss": -0.0888671875, "ids_suffix_best": [[56969, 57651, 95406, 49688]]}, "(11, 'mid', 4)": {"best_loss": -0.05517578125, "ids_suffix_best": [[299, 385, 100987, 796]]}, "(12, 'mid', 4)": {"best_loss": -0.110107421875, "ids_suffix_best": [[88594, 71274, 3854, 795]]}, "(0, 'mid', 5)": {"best_loss": -0.04833984375, "ids_suffix_best": [[13282, 114983, 17607, 8877, 118107]]}, "(1, 'mid', 5)": {"best_loss": -0.1875, "ids_suffix_best": [[1652, 5567, 27521, 98063, 106337]]}, "(4, 'mid', 5)": {"best_loss": -0.016845703125, "ids_suffix_best": [[47790, 110698, 21495, 1874, 147160]]}, "(5, 'mid', 5)": {"best_loss": -0.11474609375, "ids_suffix_best": [[113896, 117009, 15011, 112760, 82685]]}, "(7, 'mid', 5)": {"best_loss": -0.003662109375, "ids_suffix_best": [[97376, 46099, 90534, 64639, 28653]]}, "(8, 'mid', 5)": {"best_loss": -0.140625, "ids_suffix_best": [[77785, 107322, 21733, 116708, 14927]]}, "(9, 'mid', 5)": {"best_loss": -0.073974609375, "ids_suffix_best": [[70823, 30979, 14855, 39217, 117419]]}, "(10, 'mid', 5)": {"best_loss": -0.130615234375, "ids_suffix_best": [[30176, 95057, 34898, 110457, 38193]]}, "(11, 'mid', 5)": {"best_loss": -0.07373046875, "ids_suffix_best": [[43421, 33488, 112026, 44815, 80655]]}, "(12, 'mid', 5)": {"best_loss": -0.133056640625, "ids_suffix_best": [[46230, 71819, 42033, 16263, 78083]]}, "(0, 'mid', 6)": {"best_loss": -0.05810546875, "ids_suffix_best": [[47662, 3693, 40843, 23308, 102888, 101219]]}, "(1, 'mid', 6)": {"best_loss": -0.181396484375, "ids_suffix_best": [[106724, 25569, 27521, 43629, 9585, 3574]]}, "(4, 'mid', 6)": {"best_loss": -0.029296875, "ids_suffix_best": [[5262, 25911, 21495, 124220, 127534, 84191]]}, "(5, 'mid', 6)": {"best_loss": -0.13916015625, "ids_suffix_best": [[78813, 13282, 101219, 109533, 12713, 94817]]}, "(7, 'mid', 6)": {"best_loss": -0.00390625, "ids_suffix_best": [[65994, 76078, 52650, 6662, 14397, 32132]]}, "(8, 'mid', 6)": {"best_loss": -0.149658203125, "ids_suffix_best": [[77785, 44443, 48483, 111588, 61814, 32391]]}, "(9, 'mid', 6)": {"best_loss": -0.083740234375, "ids_suffix_best": [[84689, 58349, 13856, 26640, 116716, 115170]]}, "(10, 'mid', 6)": {"best_loss": -0.10009765625, "ids_suffix_best": [[75681, 86049, 68398, 148565, 109816, 114573]]}, "(11, 'mid', 6)": {"best_loss": -0.07080078125, "ids_suffix_best": [[1675, 58879, 38752, 110559, 5431, 80655]]}, "(12, 'mid', 6)": {"best_loss": -0.12890625, "ids_suffix_best": [[32007, 19344, 16065, 88594, 7716, 134128]]}, "(0, 'mid', 7)": {"best_loss": -0.1025390625, "ids_suffix_best": [[12887, 13282, 104404, 11815, 8877, 100581, 114984]]}, "(1, 'mid', 7)": {"best_loss": -0.196044921875, "ids_suffix_best": [[32325, 27521, 28886, 109589, 23754, 330, 112793]]}, "(4, 'mid', 7)": {"best_loss": -0.04833984375, "ids_suffix_best": [[5262, 99430, 111615, 106253, 42871, 51942, 49382]]}, "(5, 'mid', 7)": {"best_loss": -0.15576171875, "ids_suffix_best": [[50880, 7794, 36862, 102224, 108018, 13282, 78891]]}, "(7, 'mid', 7)": {"best_loss": -0.043212890625, "ids_suffix_best": [[45195, 19723, 4647, 576, 3070, 59574, 64639]]}, "(8, 'mid', 7)": {"best_loss": -0.1494140625, "ids_suffix_best": [[35527, 77785, 52691, 53051, 101314, 113228, 41628]]}, "(9, 'mid', 7)": {"best_loss": -0.082763671875, "ids_suffix_best": [[22453, 113148, 88664, 30979, 31589, 102208, 100015]]}, "(10, 'mid', 7)": {"best_loss": -0.109619140625, "ids_suffix_best": [[34898, 76217, 62754, 120602, 98081, 1669, 106493]]}, "(11, 'mid', 7)": {"best_loss": -0.058837890625, "ids_suffix_best": [[71061, 46992, 101063, 71201, 753, 19379, 108775]]}, "(12, 'mid', 7)": {"best_loss": -0.134033203125, "ids_suffix_best": [[27909, 84217, 42033, 45903, 41669, 58134, 92486]]}, "(0, 'mid', 8)": {"best_loss": -0.1015625, "ids_suffix_best": [[78839, 16851, 117568, 65779, 105419, 11, 102863, 115952]]}, "(1, 'mid', 8)": {"best_loss": -0.199951171875, "ids_suffix_best": [[61670, 102368, 104521, 27521, 39191, 150153, 77711, 29014]]}, "(4, 'mid', 8)": {"best_loss": -0.038330078125, "ids_suffix_best": [[98714, 49382, 715, 46466, 146423, 334, 84191, 422]]}, "(5, 'mid', 8)": {"best_loss": -0.1455078125, "ids_suffix_best": [[82842, 98822, 47314, 118126, 37788, 110333, 113463, 58939]]}, "(7, 'mid', 8)": {"best_loss": -0.01513671875, "ids_suffix_best": [[109518, 114297, 106834, 16600, 220, 19723, 36931, 76076]]}, "(8, 'mid', 8)": {"best_loss": -0.169189453125, "ids_suffix_best": [[53051, 84665, 45229, 102178, 104604, 72771, 114849, 880]]}, "(9, 'mid', 8)": {"best_loss": -0.077392578125, "ids_suffix_best": [[61882, 104212, 82678, 30979, 114675, 18383, 6981, 9702]]}, "(10, 'mid', 8)": {"best_loss": -0.12939453125, "ids_suffix_best": [[53201, 57297, 101072, 68398, 39496, 113992, 118230, 114984]]},