{"(0, 'end', 1)": {"best_loss": -0.05078125, "ids_suffix_best": [[6582]]}, "(1, 'end', 1)": {"best_loss": -0.09619140625, "ids_suffix_best": [[28886]]}, "(4, 'end', 1)": {"best_loss": -0.0303955078125, "ids_suffix_best": [[922]]}, "(5, 'end', 1)": {"best_loss": -0.047119140625, "ids_suffix_best": [[58838]]}, "(7, 'end', 1)": {"best_loss": -0.0751953125, "ids_suffix_best": [[124715]]}, "(8, 'end', 1)": {"best_loss": -0.12548828125, "ids_suffix_best": [[118773]]}, "(9, 'end', 1)": {"best_loss": -0.09619140625, "ids_suffix_best": [[65107]]}, "(10, 'end', 1)": {"best_loss": -0.09423828125, "ids_suffix_best": [[2337]]}, "(11, 'end', 1)": {"best_loss": -0.052978515625, "ids_suffix_best": [[67034]]}, "(12, 'end', 1)": {"best_loss": -0.079833984375, "ids_suffix_best": [[6146]]}, "(0, 'end', 2)": {"best_loss": -0.07763671875, "ids_suffix_best": [[23754, 111346]]}, "(1, 'end', 2)": {"best_loss": -0.140380859375, "ids_suffix_best": [[116092, 108007]]}, "(4, 'end', 2)": {"best_loss": -0.05157470703125, "ids_suffix_best": [[142840, 82496]]}, "(5, 'end', 2)": {"best_loss": -0.11279296875, "ids_suffix_best": [[13282, 118126]]}, "(7, 'end', 2)": {"best_loss": -0.113525390625, "ids_suffix_best": [[56048, 9775]]}, "(8, 'end', 2)": {"best_loss": -0.183837890625, "ids_suffix_best": [[77785, 14692]]}, "(9, 'end', 2)": {"best_loss": -0.153564453125, "ids_suffix_best": [[58349, 91246]]}, "(10, 'end', 2)": {"best_loss": -0.129638671875, "ids_suffix_best": [[15026, 45284]]}, "(11, 'end', 2)": {"best_loss": -0.0655517578125, "ids_suffix_best": [[107313, 104654]]}, "(12, 'end', 2)": {"best_loss": -0.11767578125, "ids_suffix_best": [[63088, 24248]]}, "(0, 'end', 3)": {"best_loss": -0.12451171875, "ids_suffix_best": [[88230, 84070, 97322]]}, "(1, 'end', 3)": {"best_loss": -0.14501953125, "ids_suffix_best": [[102190, 112243, 107]]}, "(4, 'end', 3)": {"best_loss": -0.06201171875, "ids_suffix_best": [[53725, 55649, 50275]]}, "(5, 'end', 3)": {"best_loss": -0.171142578125, "ids_suffix_best": [[92656, 118126, 101219]]}, "(7, 'end', 3)": {"best_loss": -0.11474609375, "ids_suffix_best": [[21130, 19884, 220]]}, "(8, 'end', 3)": {"best_loss": -0.201416015625, "ids_suffix_best": [[77785, 60142, 107322]]}, "(9, 'end', 3)": {"best_loss": -0.1689453125, "ids_suffix_best": [[48091, 75250, 45258]]}, "(10, 'end', 3)": {"best_loss": -0.17578125, "ids_suffix_best": [[56769, 36918, 2337]]}, "(11, 'end', 3)": {"best_loss": -0.0777587890625, "ids_suffix_best": [[5694, 106956, 100096]]}, "(12, 'end', 3)": {"best_loss": -0.14306640625, "ids_suffix_best": [[24394, 19344, 90573]]}, "(0, 'end', 4)": {"best_loss": -0.07470703125, "ids_suffix_best": [[53738, 23308, 26850, 26940]]}, "(1, 'end', 4)": {"best_loss": -0.167724609375, "ids_suffix_best": [[105242, 130391, 70373, 67220]]}, "(4, 'end', 4)": {"best_loss": -0.09130859375, "ids_suffix_best": [[25718, 25402, 42213, 220]]}, "(5, 'end', 4)": {"best_loss": -0.207763671875, "ids_suffix_best": [[13282, 112420, 7920, 105930]]}, "(7, 'end', 4)": {"best_loss": -0.14697265625, "ids_suffix_best": [[19723, 108656, 110791, 54955]]}, "(8, 'end', 4)": {"best_loss": -0.20458984375, "ids_suffix_best": [[77785, 71729, 34945, 748]]}, "(9, 'end', 4)": {"best_loss": -0.199951171875, "ids_suffix_best": [[30979, 113404, 106611, 133752]]}, "(10, 'end', 4)": {"best_loss": -0.271484375, "ids_suffix_best": [[118318, 86049, 91282, 44054]]}, "(11, 'end', 4)": {"best_loss": -0.077392578125, "ids_suffix_best": [[51110, 9765, 16647, 78541]]}, "(12, 'end', 4)": {"best_loss": -0.150390625, "ids_suffix_best": [[77424, 58546, 3668, 114004]]}, "(0, 'end', 5)": {"best_loss": -0.13671875, "ids_suffix_best": [[37403, 24805, 117269, 111346, 101219]]}, "(1, 'end', 5)": {"best_loss": -0.15771484375, "ids_suffix_best": [[102190, 112243, 65571, 78523, 359]]}, "(4, 'end', 5)": {"best_loss": -0.1357421875, "ids_suffix_best": [[66949, 91271, 88797, 4351, 23754]]}, "(5, 'end', 5)": {"best_loss": -0.233642578125, "ids_suffix_best": [[97159, 111433, 13282, 115035, 107471]]}, "(7, 'end', 5)": {"best_loss": -0.11767578125, "ids_suffix_best": [[59610, 10012, 19723, 48203, 92542]]}, "(8, 'end', 5)": {"best_loss": -0.216552734375, "ids_suffix_best": [[102012, 33668, 77785, 80542, 107322]]}, "(9, 'end', 5)": {"best_loss": -0.180908203125, "ids_suffix_best": [[86017, 2598, 58745, 58349, 13236]]}, "(10, 'end', 5)": {"best_loss": -0.27587890625, "ids_suffix_best": [[45922, 56969, 25079, 91282, 76952]]}, "(11, 'end', 5)": {"best_loss": -0.0863037109375, "ids_suffix_best": [[96189, 32803, 25038, 119200, 46882]]}, "(12, 'end', 5)": {"best_loss": -0.12548828125, "ids_suffix_best": [[35662, 19643, 10300, 2356, 6767]]}, "(0, 'end', 6)": {"best_loss": -0.143798828125, "ids_suffix_best": [[45008, 84070, 979, 33621, 334, 134937]]}, "(1, 'end', 6)": {"best_loss": -0.21484375, "ids_suffix_best": [[105242, 34170, 27521, 3855, 142488, 60871]]}, "(4, 'end', 6)": {"best_loss": -0.110595703125, "ids_suffix_best": [[34580, 97432, 15420, 147364, 5380, 74577]]}, "(5, 'end', 6)": {"best_loss": -0.18701171875, "ids_suffix_best": [[6602, 13282, 113993, 48037, 56102, 1035]]}, "(7, 'end', 6)": {"best_loss": -0.1162109375, "ids_suffix_best": [[609, 32563, 55058, 12403, 43086, 220]]}, "(8, 'end', 6)": {"best_loss": -0.2314453125, "ids_suffix_best": [[72771, 137615, 107322, 112762, 62, 108094]]}, "(9, 'end', 6)": {"best_loss": -0.18994140625, "ids_suffix_best": [[30979, 88761, 57284, 67395, 25061, 3667]]}, "(10, 'end', 6)": {"best_loss": -0.27734375, "ids_suffix_best": [[11095, 15272, 56969, 7271, 27714, 95805]]}, "(11, 'end', 6)": {"best_loss": -0.0860595703125, "ids_suffix_best": [[31294, 70821, 104000, 89023, 493, 34834]]}, "(12, 'end', 6)": {"best_loss": -0.15576171875, "ids_suffix_best": [[105720, 60626, 91285, 103843, 63431, 42067]]}, "(0, 'end', 7)": {"best_loss": -0.17919921875, "ids_suffix_best": [[14908, 66842, 117319, 112026, 103963, 35812, 105203]]}, "(1, 'end', 7)": {"best_loss": -0.250244140625, "ids_suffix_best": [[27521, 27502, 114849, 80851, 100728, 100680, 2572]]}, "(4, 'end', 7)": {"best_loss": -0.1201171875, "ids_suffix_best": [[5737, 25131, 46880, 138510, 52118, 74525, 362]]}, "(5, 'end', 7)": {"best_loss": -0.181884765625, "ids_suffix_best": [[56102, 37576, 76921, 44188, 66521, 17337, 107471]]}, "(7, 'end', 7)": {"best_loss": -0.16748046875, "ids_suffix_best": [[95860, 84472, 19723, 60861, 110791, 93670, 785]]}, "(8, 'end', 7)": {"best_loss": -0.252685546875, "ids_suffix_best": [[77785, 116708, 36724, 7, 110350, 69385, 108756]]}, "(9, 'end', 7)": {"best_loss": -0.2197265625, "ids_suffix_best": [[44944, 30979, 114096, 105542, 102037, 115604, 53930]]}, "(10, 'end', 7)": {"best_loss": -0.2744140625, "ids_suffix_best": [[61469, 53201, 1939, 56969, 118340, 108950, 28311]]}, "(11, 'end', 7)": {"best_loss": -0.10888671875, "ids_suffix_best": [[32902, 140197, 143109, 60327, 99147, 1370, 89]]}, "(12, 'end', 7)": {"best_loss": -0.17529296875, "ids_suffix_best": [[63592, 88704, 73059, 7343, 15633, 91840, 1122]]}, "(0, 'end', 8)": {"best_loss": -0.096435546875, "ids_suffix_best": [[53738, 111346, 140099, 105518, 105405, 42015, 10022, 85590]]}, "(1, 'end', 8)": {"best_loss": -0.265380859375, "ids_suffix_best": [[45010, 56894, 27521, 129598, 111705, 3070, 83900, 14374]]}, "(4, 'end', 8)": {"best_loss": -0.08154296875, "ids_suffix_best": [[71053, 26235, 9973, 73016, 148983, 51595, 16347, 745]]}, "(5, 'end', 8)": {"best_loss": -0.2294921875, "ids_suffix_best": [[44188, 7794, 82327, 108352, 115649, 7920, 104030, 34204]]}, "(7, 'end', 8)": {"best_loss": -0.13916015625, "ids_suffix_best": [[5122, 43150, 64352, 2474, 60683, 53459, 26980, 100345]]}, "(8, 'end', 8)": {"best_loss": -0.29248046875, "ids_suffix_best": [[77785, 34945, 36724, 16003, 30052, 107322, 113608, 16600]]}, "(9, 'end', 8)": {"best_loss": -0.242919921875, "ids_suffix_best": [[91718, 39217, 30979, 111086, 113404, 103747, 51054, 123826]]}, "(10, 'end', 8)": {"best_loss": -0.287353515625, "ids_suffix_best": [[89104, 34898, 73146, 86049, 124598, 30375, 64359, 220]]},