{"(0, 'benign', 1)": {"best_loss": 0.011962890625, "ids_suffix_best": [[117180]]}, "(1, 'benign', 1)": {"best_loss": -0.05859375, "ids_suffix_best": [[58630]]}, "(4, 'benign', 1)": {"best_loss": 0.033935546875, "ids_suffix_best": [[83482]]}, "(5, 'benign', 1)": {"best_loss": 0.099853515625, "ids_suffix_best": [[94875]]}, "(7, 'benign', 1)": {"best_loss": 0.026611328125, "ids_suffix_best": [[108454]]}, "(8, 'benign', 1)": {"best_loss": -0.0166015625, "ids_suffix_best": [[84336]]}, "(9, 'benign', 1)": {"best_loss": -0.011474609375, "ids_suffix_best": [[30979]]}, "(10, 'benign', 1)": {"best_loss": 0.02294921875, "ids_suffix_best": [[74451]]}, "(11, 'benign', 1)": {"best_loss": -0.02099609375, "ids_suffix_best": [[73304]]}, "(12, 'benign', 1)": {"best_loss": -0.0517578125, "ids_suffix_best": [[60025]]}, "(0, 'benign', 2)": {"best_loss": -0.008544921875, "ids_suffix_best": [[113790, 12588]]}, "(1, 'benign', 2)": {"best_loss": -0.076416015625, "ids_suffix_best": [[43113, 111257]]}, "(4, 'benign', 2)": {"best_loss": 0.01220703125, "ids_suffix_best": [[10599, 119386]]}, "(5, 'benign', 2)": {"best_loss": 0.055419921875, "ids_suffix_best": [[53339, 47509]]}, "(7, 'benign', 2)": {"best_loss": 0.012939453125, "ids_suffix_best": [[108656, 118227]]}, "(8, 'benign', 2)": {"best_loss": -0.065673828125, "ids_suffix_best": [[50225, 72771]]}, "(9, 'benign', 2)": {"best_loss": -0.026611328125, "ids_suffix_best": [[107218, 58349]]}, "(10, 'benign', 2)": {"best_loss": -0.01513671875, "ids_suffix_best": [[90026, 56969]]}, "(11, 'benign', 2)": {"best_loss": -0.037353515625, "ids_suffix_best": [[67837, 44866]]}, "(12, 'benign', 2)": {"best_loss": -0.06689453125, "ids_suffix_best": [[44528, 27741]]}, "(0, 'benign', 3)": {"best_loss": -0.03076171875, "ids_suffix_best": [[96834, 40305, 53459]]}, "(1, 'benign', 3)": {"best_loss": -0.116943359375, "ids_suffix_best": [[71233, 118478, 27521]]}, "(4, 'benign', 3)": {"best_loss": -0.021484375, "ids_suffix_best": [[22043, 43376, 99430]]}, "(5, 'benign', 3)": {"best_loss": -0.01318359375, "ids_suffix_best": [[8006, 13282, 8725]]}, "(7, 'benign', 3)": {"best_loss": 0.011962890625, "ids_suffix_best": [[30979, 17080, 67409]]}, "(8, 'benign', 3)": {"best_loss": -0.08984375, "ids_suffix_best": [[78825, 77785, 57589]]}, "(9, 'benign', 3)": {"best_loss": -0.055419921875, "ids_suffix_best": [[110118, 58349, 110961]]}, "(10, 'benign', 3)": {"best_loss": -0.0751953125, "ids_suffix_best": [[107747, 39674, 9301]]}, "(11, 'benign', 3)": {"best_loss": -0.046875, "ids_suffix_best": [[61526, 15259, 44866]]}, "(12, 'benign', 3)": {"best_loss": -0.073974609375, "ids_suffix_best": [[7378, 110537, 36371]]}, "(0, 'benign', 4)": {"best_loss": -0.03759765625, "ids_suffix_best": [[87101, 56071, 2288, 115219]]}, "(1, 'benign', 4)": {"best_loss": -0.138427734375, "ids_suffix_best": [[3225, 27521, 20465, 110791]]}, "(4, 'benign', 4)": {"best_loss": -0.010986328125, "ids_suffix_best": [[32603, 111179, 91729, 6175]]}, "(5, 'benign', 4)": {"best_loss": -0.06396484375, "ids_suffix_best": [[85134, 111433, 92656, 8818]]}, "(7, 'benign', 4)": {"best_loss": 0.01220703125, "ids_suffix_best": [[30979, 77827, 84096, 44240]]}, "(8, 'benign', 4)": {"best_loss": -0.09765625, "ids_suffix_best": [[66159, 82986, 31574, 47754]]}, "(9, 'benign', 4)": {"best_loss": -0.088623046875, "ids_suffix_best": [[111814, 30979, 102037, 117003]]}, "(10, 'benign', 4)": {"best_loss": -0.068359375, "ids_suffix_best": [[84844, 42657, 56969, 21780]]}, "(11, 'benign', 4)": {"best_loss": -0.054443359375, "ids_suffix_best": [[25304, 140197, 108723, 68016]]}, "(12, 'benign', 4)": {"best_loss": -0.090576171875, "ids_suffix_best": [[100780, 44088, 32007, 136665]]}, "(0, 'benign', 5)": {"best_loss": -0.04345703125, "ids_suffix_best": [[107976, 114052, 47205, 84070, 9309]]}, "(1, 'benign', 5)": {"best_loss": -0.157470703125, "ids_suffix_best": [[62200, 27521, 114220, 61814, 27685]]}, "(4, 'benign', 5)": {"best_loss": -0.02685546875, "ids_suffix_best": [[139701, 30904, 4074, 46876, 52192]]}, "(5, 'benign', 5)": {"best_loss": -0.072509765625, "ids_suffix_best": [[47314, 33446, 75214, 113226, 16263]]}, "(7, 'benign', 5)": {"best_loss": 0.00634765625, "ids_suffix_best": [[14833, 86134, 44430, 111876, 100714]]}, "(8, 'benign', 5)": {"best_loss": -0.13037109375, "ids_suffix_best": [[22727, 77785, 102092, 100022, 45071]]}, "(9, 'benign', 5)": {"best_loss": -0.09033203125, "ids_suffix_best": [[107639, 117750, 78938, 113396, 106752]]}, "(10, 'benign', 5)": {"best_loss": -0.07373046875, "ids_suffix_best": [[34898, 87828, 56818, 25742, 3128]]}, "(11, 'benign', 5)": {"best_loss": -0.0673828125, "ids_suffix_best": [[114925, 13488, 1156, 44866, 41732]]}, "(12, 'benign', 5)": {"best_loss": -0.100341796875, "ids_suffix_best": [[72098, 66553, 71819, 105461, 38386]]}, "(0, 'benign', 6)": {"best_loss": -0.04736328125, "ids_suffix_best": [[52167, 70262, 33051, 8877, 40111, 118107]]}, "(1, 'benign', 6)": {"best_loss": -0.1591796875, "ids_suffix_best": [[42173, 7622, 27521, 84199, 118478, 126340]]}, "(4, 'benign', 6)": {"best_loss": -0.0341796875, "ids_suffix_best": [[100856, 120370, 99736, 12719, 109091, 2490]]}, "(5, 'benign', 6)": {"best_loss": -0.075439453125, "ids_suffix_best": [[28286, 132143, 77042, 25732, 129699, 71732]]}, "(7, 'benign', 6)": {"best_loss": 0.00537109375, "ids_suffix_best": [[18412, 102678, 55234, 102736, 106752, 105974]]}, "(8, 'benign', 6)": {"best_loss": -0.144287109375, "ids_suffix_best": [[17701, 16003, 72771, 34807, 52110, 28626]]}, "(9, 'benign', 6)": {"best_loss": -0.07177734375, "ids_suffix_best": [[113610, 13856, 58349, 64528, 7295, 110961]]}, "(10, 'benign', 6)": {"best_loss": -0.09228515625, "ids_suffix_best": [[60288, 39674, 44295, 91282, 125897, 16772]]}, "(11, 'benign', 6)": {"best_loss": -0.079833984375, "ids_suffix_best": [[32913, 91141, 11438, 101177, 5425, 17473]]}, "(12, 'benign', 6)": {"best_loss": -0.133056640625, "ids_suffix_best": [[35624, 35715, 71819, 3364, 34430, 23754]]}, "(0, 'benign', 7)": {"best_loss": -0.04150390625, "ids_suffix_best": [[19240, 19939, 107807, 91951, 37956, 13282, 5099]]}, "(1, 'benign', 7)": {"best_loss": -0.1630859375, "ids_suffix_best": [[115228, 15689, 1181, 4111, 114355, 105792, 58003]]}, "(4, 'benign', 7)": {"best_loss": -0.06396484375, "ids_suffix_best": [[73382, 149009, 1874, 102021, 30, 3851, 38386]]}, "(5, 'benign', 7)": {"best_loss": -0.110595703125, "ids_suffix_best": [[54214, 23447, 102256, 101219, 102736, 13282, 5036]]}, "(7, 'benign', 7)": {"best_loss": -0.0126953125, "ids_suffix_best": [[100232, 19723, 89989, 114297, 79076, 14374, 90534]]}, "(8, 'benign', 7)": {"best_loss": -0.142578125, "ids_suffix_best": [[26452, 34927, 77785, 911, 116708, 77785, 21597]]}, "(9, 'benign', 7)": {"best_loss": -0.0966796875, "ids_suffix_best": [[145035, 125137, 55854, 115170, 58349, 108209, 108897]]}, "(10, 'benign', 7)": {"best_loss": -0.136962890625, "ids_suffix_best": [[70999, 74153, 56969, 2325, 3128, 104119, 51253]]}, "(11, 'benign', 7)": {"best_loss": -0.08935546875, "ids_suffix_best": [[12990, 124646, 109557, 2904, 105343, 22707, 108968]]}, "(12, 'benign', 7)": {"best_loss": -0.1376953125, "ids_suffix_best": [[16780, 76982, 29029, 92271, 23985, 102461, 32916]]}, "(0, 'benign', 8)": {"best_loss": -0.0625, "ids_suffix_best": [[82389, 95315, 45001, 55455, 113037, 76475, 115952, 94708]]}, "(1, 'benign', 8)": {"best_loss": -0.15673828125, "ids_suffix_best": [[68269, 100923, 16110, 23261, 73846, 27521, 124961, 47585]]}, "(4, 'benign', 8)": {"best_loss": -0.037353515625, "ids_suffix_best": [[4891, 97549, 112437, 79535, 104719, 144599, 83661, 52603]]}, "(5, 'benign', 8)": {"best_loss": -0.14697265625, "ids_suffix_best": [[117609, 61306, 60185, 83471, 13282, 8887, 61620, 43773]]}, "(7, 'benign', 8)": {"best_loss": 0.013427734375, "ids_suffix_best": [[56977, 44713, 38961, 5163, 108190, 99183, 59517, 6662]]}, "(8, 'benign', 8)": {"best_loss": -0.1220703125, "ids_suffix_best": [[121888, 75854, 97316, 82376, 72771, 30033, 116708, 21597]]},